day,hour_local,utc_hour,peak,snow_cm,rain_mm,gust_kmh,vis_km
2024-01-07,16,2024-01-07T21:00:00+00:00,PM,0.76,0.43,59.0,0.6
2024-01-16,8,2024-01-16T13:00:00+00:00,AM,0.34,0.19,21.0,0.7
2024-01-16,9,2024-01-16T14:00:00+00:00,AM,0.31,0.17,19.0,1.6
2024-04-04,7,2024-04-04T11:00:00+00:00,AM,0.0,0.55,84.0,12.8
2024-04-04,8,2024-04-04T12:00:00+00:00,AM,0.02,0.77,86.0,8.5
2024-04-04,9,2024-04-04T13:00:00+00:00,AM,0.0,0.21,87.0,1.6
2024-04-04,16,2024-04-04T20:00:00+00:00,PM,0.01,0.25,67.0,13.2
2024-04-04,17,2024-04-04T21:00:00+00:00,PM,0.49,0.52,58.0,13.9
2024-12-11,7,2024-12-11T12:00:00+00:00,AM,0.0,0.05,21.0,0.2
2024-12-11,8,2024-12-11T13:00:00+00:00,AM,0.0,0.13,27.0,0.2
2024-12-11,16,2024-12-11T21:00:00+00:00,PM,0.0,0.29,94.0,4.1
2024-12-11,17,2024-12-11T22:00:00+00:00,PM,0.0,0.4,92.0,2.9
2024-12-11,18,2024-12-11T23:00:00+00:00,PM,0.0,5.51,74.0,1.9
2025-02-16,7,2025-02-16T12:00:00+00:00,AM,0.66,1.56,48.0,0.9
2025-02-16,9,2025-02-16T14:00:00+00:00,AM,0.32,2.02,52.0,3.4
2025-02-16,17,2025-02-16T22:00:00+00:00,PM,0.0,3.7,23.0,3.3
2025-03-17,7,2025-03-17T11:00:00+00:00,AM,0.0,7.18,35.0,7.6
2025-03-17,8,2025-03-17T12:00:00+00:00,AM,0.0,2.99,37.0,4.3
2025-03-17,9,2025-03-17T13:00:00+00:00,AM,0.0,9.2,20.0,7.1
2025-03-17,17,2025-03-17T21:00:00+00:00,PM,0.0,5.35,27.0,4.3
2025-10-13,7,2025-10-13T11:00:00+00:00,AM,0.0,1.79,66.0,8.8
2025-10-13,8,2025-10-13T12:00:00+00:00,AM,0.0,2.07,74.0,11.4
2025-10-13,9,2025-10-13T13:00:00+00:00,AM,0.0,2.36,70.0,13.3
2025-10-13,16,2025-10-13T20:00:00+00:00,PM,0.0,0.57,61.0,6.1
2025-10-13,17,2025-10-13T21:00:00+00:00,PM,0.0,1.76,63.0,6.1
2026-01-25,16,2026-01-25T21:00:00+00:00,PM,2.19,1.35,36.0,0.2
2026-01-25,17,2026-01-25T22:00:00+00:00,PM,1.5,0.91,54.0,0.3
2026-01-25,18,2026-01-25T23:00:00+00:00,PM,1.68,1.03,57.0,0.4
2026-01-26,7,2026-01-26T12:00:00+00:00,AM,0.03,0.03,46.0,0.2
2026-01-26,8,2026-01-26T13:00:00+00:00,AM,0.04,0.02,44.0,0.2
2026-01-26,9,2026-01-26T14:00:00+00:00,AM,0.1,0.08,42.0,0.2
2026-01-26,17,2026-01-26T22:00:00+00:00,PM,0.0,0.0,36.0,0.2
2026-02-23,7,2026-02-23T12:00:00+00:00,AM,2.23,1.38,99.0,0.4
2026-02-23,8,2026-02-23T13:00:00+00:00,AM,1.97,1.22,103.0,0.3
2026-02-23,9,2026-02-23T14:00:00+00:00,AM,1.92,1.18,101.0,0.3
2026-02-23,16,2026-02-23T21:00:00+00:00,PM,0.54,0.33,77.0,0.4
2026-02-23,17,2026-02-23T22:00:00+00:00,PM,0.52,0.3,70.0,0.8
2026-02-23,18,2026-02-23T23:00:00+00:00,PM,0.34,0.22,70.0,1.9
