day,hour_local,utc_hour,temp_c,rain_mm,snow_cm,gust_kmh,vis_km,stations_raining,stations_snowing,peak,severe
2024-01-07,0,2024-01-07T05:00:00+00:00,2.1,1.88,0.17,55.0,1.3,52,52,,False
2024-01-07,1,2024-01-07T06:00:00+00:00,1.7,2.04,0.41,59.0,1.1,52,52,,True
2024-01-07,2,2024-01-07T07:00:00+00:00,1.1,2.2,0.94,57.0,1.1,52,52,,True
2024-01-07,3,2024-01-07T08:00:00+00:00,1.1,1.44,0.56,56.0,1.5,52,52,,True
2024-01-07,4,2024-01-07T09:00:00+00:00,1.2,1.26,0.53,58.0,1.7,52,52,,True
2024-01-07,5,2024-01-07T10:00:00+00:00,1.1,0.89,0.47,55.0,2.0,52,52,,True
2024-01-07,6,2024-01-07T11:00:00+00:00,1.0,0.45,0.19,55.0,2.3,52,52,,False
2024-01-07,7,2024-01-07T12:00:00+00:00,1.1,0.52,0.09,52.0,3.5,52,43,AM,False
2024-01-07,8,2024-01-07T13:00:00+00:00,1.3,0.35,0.04,58.0,7.5,52,22,AM,False
2024-01-07,9,2024-01-07T14:00:00+00:00,1.1,0.36,0.13,52.0,12.8,52,52,AM,False
2024-01-07,10,2024-01-07T15:00:00+00:00,1.1,0.37,0.15,60.0,4.9,52,44,,False
2024-01-07,11,2024-01-07T16:00:00+00:00,1.2,0.51,0.15,63.0,4.9,52,52,,True
2024-01-07,12,2024-01-07T17:00:00+00:00,1.1,0.6,0.32,63.0,5.1,52,52,,True
2024-01-07,13,2024-01-07T18:00:00+00:00,0.7,0.95,0.88,57.0,1.0,52,52,,True
2024-01-07,14,2024-01-07T19:00:00+00:00,-1.5,0.87,1.37,67.0,0.1,52,52,,True
2024-01-07,15,2024-01-07T20:00:00+00:00,-3.2,0.57,0.99,57.0,0.6,52,52,,True
2024-01-07,16,2024-01-07T21:00:00+00:00,-4.0,0.43,0.76,59.0,0.6,52,52,PM,True
2024-01-07,17,2024-01-07T22:00:00+00:00,-4.2,0.1,0.21,58.0,2.5,52,52,PM,False
2024-01-07,18,2024-01-07T23:00:00+00:00,-4.6,0.0,0.0,50.0,14.5,0,0,PM,False
2024-01-07,19,2024-01-08T00:00:00+00:00,-4.9,0.0,0.0,54.0,15.7,0,0,,False
2024-01-07,20,2024-01-08T01:00:00+00:00,-4.9,0.1,0.21,46.0,3.6,52,52,,False
2024-01-07,21,2024-01-08T02:00:00+00:00,-5.1,0.09,0.18,40.0,2.6,45,45,,False
2024-01-07,22,2024-01-08T03:00:00+00:00,-5.1,0.0,0.0,35.0,4.4,0,0,,False
2024-01-07,23,2024-01-08T04:00:00+00:00,-5.1,0.0,0.0,33.0,13.1,0,0,,False
2024-01-16,0,2024-01-16T05:00:00+00:00,-2.0,0.0,0.0,11.0,27.8,0,0,,False
2024-01-16,1,2024-01-16T06:00:00+00:00,-2.5,0.0,0.0,10.0,18.1,0,0,,False
2024-01-16,2,2024-01-16T07:00:00+00:00,-2.8,0.0,0.0,12.0,5.4,0,0,,False
2024-01-16,3,2024-01-16T08:00:00+00:00,-3.3,0.1,0.21,7.0,1.4,52,52,,False
2024-01-16,4,2024-01-16T09:00:00+00:00,-3.9,0.1,0.21,10.0,2.5,52,52,,False
2024-01-16,5,2024-01-16T10:00:00+00:00,-4.1,0.21,0.38,13.0,2.1,52,52,,True
2024-01-16,6,2024-01-16T11:00:00+00:00,-3.9,0.16,0.29,17.0,2.1,52,52,,False
2024-01-16,7,2024-01-16T12:00:00+00:00,-3.9,0.13,0.25,24.0,2.1,52,52,AM,False
2024-01-16,8,2024-01-16T13:00:00+00:00,-3.0,0.19,0.34,21.0,0.7,52,52,AM,True
2024-01-16,9,2024-01-16T14:00:00+00:00,-2.8,0.17,0.31,19.0,1.6,52,52,AM,True
2024-01-16,10,2024-01-16T15:00:00+00:00,-2.2,0.41,0.72,22.0,0.9,52,52,,True
2024-01-16,11,2024-01-16T16:00:00+00:00,-1.2,0.56,0.94,26.0,0.2,52,52,,True
2024-01-16,12,2024-01-16T17:00:00+00:00,0.2,0.73,1.06,29.0,0.7,52,52,,True
2024-01-16,13,2024-01-16T18:00:00+00:00,0.1,0.85,0.99,32.0,0.5,52,52,,True
2024-01-16,14,2024-01-16T19:00:00+00:00,0.4,0.86,0.86,37.0,7.2,52,52,,True
2024-01-16,15,2024-01-16T20:00:00+00:00,0.8,3.2,0.25,30.0,5.4,52,45,,True
2024-01-16,16,2024-01-16T21:00:00+00:00,0.0,0.21,0.0,30.0,10.3,27,0,PM,False
2024-01-16,17,2024-01-16T22:00:00+00:00,-1.3,1.08,0.0,37.0,11.1,52,0,PM,False
2024-01-16,18,2024-01-16T23:00:00+00:00,-3.1,0.19,0.3,45.0,10.8,51,51,PM,False
2024-01-16,19,2024-01-17T00:00:00+00:00,-4.1,0.0,0.0,56.0,13.5,0,0,,False
2024-01-16,20,2024-01-17T01:00:00+00:00,-3.2,0.0,0.0,55.0,13.5,0,0,,False
2024-01-16,21,2024-01-17T02:00:00+00:00,-3.2,0.0,0.0,57.0,14.1,0,0,,False
2024-01-16,22,2024-01-17T03:00:00+00:00,-4.0,0.0,0.0,57.0,18.8,0,0,,False
2024-01-16,23,2024-01-17T04:00:00+00:00,-4.9,0.0,0.0,45.0,19.9,0,0,,False
2024-04-04,0,2024-04-04T04:00:00+00:00,2.4,1.6,0.54,76.0,2.0,52,52,,True
2024-04-04,1,2024-04-04T05:00:00+00:00,2.3,1.99,0.58,77.0,1.5,52,52,,True
2024-04-04,2,2024-04-04T06:00:00+00:00,2.0,1.7,1.18,87.0,1.6,52,52,,True
2024-04-04,3,2024-04-04T07:00:00+00:00,1.6,2.36,1.79,84.0,0.9,52,52,,True
2024-04-04,4,2024-04-04T08:00:00+00:00,1.6,1.93,0.93,82.0,2.0,52,52,,True
2024-04-04,5,2024-04-04T09:00:00+00:00,1.8,0.85,0.13,82.0,3.1,52,52,,True
2024-04-04,6,2024-04-04T10:00:00+00:00,1.7,1.41,0.05,85.0,10.7,52,34,,True
2024-04-04,7,2024-04-04T11:00:00+00:00,1.7,0.55,0.0,84.0,12.8,52,0,AM,True
2024-04-04,8,2024-04-04T12:00:00+00:00,1.8,0.77,0.02,86.0,8.5,52,14,AM,True
2024-04-04,9,2024-04-04T13:00:00+00:00,1.8,0.21,0.0,87.0,1.6,24,0,AM,True
2024-04-04,10,2024-04-04T14:00:00+00:00,1.7,1.52,0.81,85.0,2.4,52,52,,True
2024-04-04,11,2024-04-04T15:00:00+00:00,1.9,0.97,0.17,79.0,1.8,52,51,,True
2024-04-04,12,2024-04-04T16:00:00+00:00,2.0,0.83,0.12,72.0,2.5,52,49,,True
2024-04-04,13,2024-04-04T17:00:00+00:00,2.2,0.43,0.0,71.0,5.5,52,0,,True
2024-04-04,14,2024-04-04T18:00:00+00:00,2.3,0.31,0.0,67.0,12.2,41,3,,True
2024-04-04,15,2024-04-04T19:00:00+00:00,1.9,0.2,0.0,70.0,12.2,26,0,,True
2024-04-04,16,2024-04-04T20:00:00+00:00,1.9,0.25,0.01,67.0,13.2,52,9,PM,True
2024-04-04,17,2024-04-04T21:00:00+00:00,1.2,0.52,0.49,58.0,13.9,52,52,PM,True
2024-04-04,18,2024-04-04T22:00:00+00:00,0.7,0.19,0.28,53.0,12.9,52,52,PM,False
2024-04-04,19,2024-04-04T23:00:00+00:00,0.6,0.2,0.3,46.0,2.3,52,52,,False
2024-04-04,20,2024-04-05T00:00:00+00:00,0.6,0.27,0.26,48.0,2.6,52,52,,False
2024-04-04,21,2024-04-05T01:00:00+00:00,0.7,0.2,0.14,49.0,13.1,52,52,,False
2024-04-04,22,2024-04-05T02:00:00+00:00,0.8,0.02,0.0,48.0,13.0,3,3,,False
2024-04-04,23,2024-04-05T03:00:00+00:00,1.0,0.0,0.0,49.0,14.6,0,0,,False
2024-12-11,0,2024-12-11T05:00:00+00:00,2.2,0.51,0.0,21.0,0.1,38,0,,True
2024-12-11,1,2024-12-11T06:00:00+00:00,2.8,0.05,0.0,17.0,0.0,6,0,,True
2024-12-11,2,2024-12-11T07:00:00+00:00,3.3,0.01,0.0,17.0,0.1,1,0,,True
2024-12-11,3,2024-12-11T08:00:00+00:00,3.8,0.0,0.0,17.0,0.1,0,0,,True
2024-12-11,4,2024-12-11T09:00:00+00:00,4.0,0.07,0.0,14.0,0.1,7,0,,True
2024-12-11,5,2024-12-11T10:00:00+00:00,4.5,3.08,0.0,17.0,0.1,52,0,,True
2024-12-11,6,2024-12-11T11:00:00+00:00,4.3,0.18,0.0,12.0,1.3,13,0,,False
2024-12-11,7,2024-12-11T12:00:00+00:00,4.2,0.05,0.0,21.0,0.2,7,0,AM,True
2024-12-11,8,2024-12-11T13:00:00+00:00,4.2,0.13,0.0,27.0,0.2,14,0,AM,True
2024-12-11,9,2024-12-11T14:00:00+00:00,4.4,1.55,0.0,11.0,5.2,52,0,AM,False
2024-12-11,10,2024-12-11T15:00:00+00:00,5.1,0.38,0.0,24.0,3.4,47,0,,False
2024-12-11,11,2024-12-11T16:00:00+00:00,7.9,0.41,0.0,42.0,0.2,52,0,,True
2024-12-11,12,2024-12-11T17:00:00+00:00,11.7,1.22,0.0,63.0,10.1,52,0,,True
2024-12-11,13,2024-12-11T18:00:00+00:00,14.1,2.83,0.0,74.0,4.2,52,0,,True
2024-12-11,14,2024-12-11T19:00:00+00:00,14.7,12.09,0.0,81.0,2.2,52,0,,True
2024-12-11,15,2024-12-11T20:00:00+00:00,15.3,2.2,0.0,92.0,9.6,52,0,,True
2024-12-11,16,2024-12-11T21:00:00+00:00,16.2,0.29,0.0,94.0,4.1,32,0,PM,True
2024-12-11,17,2024-12-11T22:00:00+00:00,16.1,0.4,0.0,92.0,2.9,50,0,PM,True
2024-12-11,18,2024-12-11T23:00:00+00:00,15.9,5.51,0.0,74.0,1.9,52,0,PM,True
2024-12-11,19,2024-12-12T00:00:00+00:00,16.3,0.86,0.0,93.0,3.2,50,0,,True
2024-12-11,20,2024-12-12T01:00:00+00:00,15.6,3.33,0.0,78.0,6.0,52,0,,True
2024-12-11,21,2024-12-12T02:00:00+00:00,14.4,2.12,0.0,62.0,2.6,52,0,,True
2024-12-11,22,2024-12-12T03:00:00+00:00,13.8,4.94,0.0,64.0,2.2,52,0,,True
2024-12-11,23,2024-12-12T04:00:00+00:00,13.1,2.27,0.0,67.0,3.3,52,0,,True
2025-02-16,0,2025-02-16T05:00:00+00:00,-3.2,0.8,1.3,23.0,0.5,52,52,,True
2025-02-16,1,2025-02-16T06:00:00+00:00,-2.9,0.7,1.2,26.0,0.4,52,52,,True
2025-02-16,2,2025-02-16T07:00:00+00:00,-2.2,0.66,1.04,28.0,0.7,52,52,,True
2025-02-16,3,2025-02-16T08:00:00+00:00,-1.6,0.66,1.07,32.0,0.6,52,52,,True
2025-02-16,4,2025-02-16T09:00:00+00:00,-1.1,0.52,0.92,34.0,0.9,52,52,,True
2025-02-16,5,2025-02-16T10:00:00+00:00,-0.5,0.23,0.34,37.0,1.7,52,52,,True
2025-02-16,6,2025-02-16T11:00:00+00:00,-0.2,0.62,0.32,40.0,0.7,52,52,,True
2025-02-16,7,2025-02-16T12:00:00+00:00,0.1,1.56,0.66,48.0,0.9,52,52,AM,True
2025-02-16,8,2025-02-16T13:00:00+00:00,0.4,0.82,0.1,48.0,5.4,52,38,AM,False
2025-02-16,9,2025-02-16T14:00:00+00:00,0.7,2.02,0.32,52.0,3.4,52,52,AM,True
2025-02-16,10,2025-02-16T15:00:00+00:00,1.0,2.18,0.37,49.0,8.6,52,52,,True
2025-02-16,11,2025-02-16T16:00:00+00:00,1.2,0.58,0.0,50.0,6.7,52,0,,False
2025-02-16,12,2025-02-16T17:00:00+00:00,1.5,0.5,0.0,51.0,1.8,52,0,,False
2025-02-16,13,2025-02-16T18:00:00+00:00,1.9,3.63,0.01,52.0,2.6,52,6,,True
2025-02-16,14,2025-02-16T19:00:00+00:00,1.9,1.11,0.0,46.0,5.8,49,0,,False
2025-02-16,15,2025-02-16T20:00:00+00:00,1.6,3.17,0.0,48.0,3.5,52,0,,True
2025-02-16,16,2025-02-16T21:00:00+00:00,2.0,0.68,0.0,48.0,5.4,52,0,PM,False
2025-02-16,17,2025-02-16T22:00:00+00:00,1.6,3.7,0.0,23.0,3.3,52,0,PM,True
2025-02-16,18,2025-02-16T23:00:00+00:00,0.9,0.02,0.0,21.0,2.3,3,0,PM,False
2025-02-16,19,2025-02-17T00:00:00+00:00,0.8,0.0,0.0,16.0,1.7,0,0,,False
2025-02-16,20,2025-02-17T01:00:00+00:00,0.5,0.74,0.0,26.0,0.2,50,0,,True
2025-02-16,21,2025-02-17T02:00:00+00:00,-0.1,0.28,0.01,26.0,0.2,31,7,,True
2025-02-16,22,2025-02-17T03:00:00+00:00,-1.2,0.01,0.0,47.0,0.2,1,0,,True
2025-02-16,23,2025-02-17T04:00:00+00:00,-1.4,0.0,0.0,67.0,14.6,0,0,,True
2025-03-17,0,2025-03-17T04:00:00+00:00,15.5,0.14,0.0,75.0,6.4,18,0,,True
2025-03-17,1,2025-03-17T05:00:00+00:00,15.4,0.82,0.0,79.0,13.5,44,0,,True
2025-03-17,2,2025-03-17T06:00:00+00:00,15.3,2.81,0.0,70.0,9.3,52,0,,True
2025-03-17,3,2025-03-17T07:00:00+00:00,15.1,3.4,0.0,81.0,4.4,52,0,,True
2025-03-17,4,2025-03-17T08:00:00+00:00,15.0,13.41,0.0,82.0,2.4,52,0,,True
2025-03-17,5,2025-03-17T09:00:00+00:00,14.4,5.31,0.0,64.0,3.9,52,0,,True
2025-03-17,6,2025-03-17T10:00:00+00:00,13.8,3.85,0.0,56.0,3.3,52,0,,True
2025-03-17,7,2025-03-17T11:00:00+00:00,13.4,7.18,0.0,35.0,7.6,52,0,AM,True
2025-03-17,8,2025-03-17T12:00:00+00:00,13.2,2.99,0.0,37.0,4.3,52,0,AM,True
2025-03-17,9,2025-03-17T13:00:00+00:00,13.1,9.2,0.0,20.0,7.1,52,0,AM,True
2025-03-17,10,2025-03-17T14:00:00+00:00,13.1,5.32,0.0,11.0,2.5,52,0,,True
2025-03-17,11,2025-03-17T15:00:00+00:00,12.9,10.19,0.0,23.0,4.6,52,0,,True
2025-03-17,12,2025-03-17T16:00:00+00:00,14.0,0.32,0.0,25.0,12.2,36,0,,False
2025-03-17,13,2025-03-17T17:00:00+00:00,15.0,0.31,0.0,24.0,12.2,40,0,,False
2025-03-17,14,2025-03-17T18:00:00+00:00,14.9,0.08,0.0,31.0,12.2,10,0,,False
2025-03-17,15,2025-03-17T19:00:00+00:00,14.5,0.0,0.0,24.0,12.4,0,0,,False
2025-03-17,16,2025-03-17T20:00:00+00:00,15.2,0.0,0.0,21.0,12.2,0,0,PM,False
2025-03-17,17,2025-03-17T21:00:00+00:00,13.7,5.35,0.0,27.0,4.3,52,0,PM,True
2025-03-17,18,2025-03-17T22:00:00+00:00,9.8,0.68,0.0,46.0,15.3,48,0,PM,False
2025-03-17,19,2025-03-17T23:00:00+00:00,8.3,0.34,0.0,54.0,5.5,33,0,,False
2025-03-17,20,2025-03-18T00:00:00+00:00,7.9,0.17,0.0,55.0,17.4,18,0,,False
2025-03-17,21,2025-03-18T01:00:00+00:00,7.1,0.0,0.0,49.0,16.5,0,0,,False
2025-03-17,22,2025-03-18T02:00:00+00:00,6.5,0.08,0.0,45.0,17.4,10,0,,False
2025-03-17,23,2025-03-18T03:00:00+00:00,6.0,0.0,0.0,45.0,18.1,0,0,,False
2025-10-13,0,2025-10-13T04:00:00+00:00,12.4,1.01,0.0,68.0,7.3,52,0,,True
2025-10-13,1,2025-10-13T05:00:00+00:00,12.4,2.4,0.0,67.0,8.2,52,0,,True
2025-10-13,2,2025-10-13T06:00:00+00:00,12.4,1.13,0.0,66.0,7.6,52,0,,True
2025-10-13,3,2025-10-13T07:00:00+00:00,12.4,1.03,0.0,68.0,13.8,52,0,,True
2025-10-13,4,2025-10-13T08:00:00+00:00,12.4,5.99,0.0,69.0,3.8,52,0,,True
2025-10-13,5,2025-10-13T09:00:00+00:00,12.6,1.76,0.0,70.0,9.1,52,0,,True
2025-10-13,6,2025-10-13T10:00:00+00:00,12.7,1.7,0.0,67.0,12.9,39,0,,True
2025-10-13,7,2025-10-13T11:00:00+00:00,12.3,1.79,0.0,66.0,8.8,52,0,AM,True
2025-10-13,8,2025-10-13T12:00:00+00:00,12.2,2.07,0.0,74.0,11.4,50,0,AM,True
2025-10-13,9,2025-10-13T13:00:00+00:00,12.0,2.36,0.0,70.0,13.3,52,0,AM,True
2025-10-13,10,2025-10-13T14:00:00+00:00,12.0,2.62,0.0,67.0,8.0,52,0,,True
2025-10-13,11,2025-10-13T15:00:00+00:00,11.9,0.65,0.0,71.0,8.6,44,0,,True
2025-10-13,12,2025-10-13T16:00:00+00:00,11.7,2.15,0.0,67.0,7.9,52,0,,True
2025-10-13,13,2025-10-13T17:00:00+00:00,11.8,1.01,0.0,67.0,6.6,52,0,,True
2025-10-13,14,2025-10-13T18:00:00+00:00,11.7,1.05,0.0,64.0,6.0,52,0,,True
2025-10-13,15,2025-10-13T19:00:00+00:00,11.9,1.66,0.0,66.0,6.6,52,0,,True
2025-10-13,16,2025-10-13T20:00:00+00:00,12.0,0.57,0.0,61.0,6.1,52,0,PM,True
2025-10-13,17,2025-10-13T21:00:00+00:00,11.7,1.76,0.0,63.0,6.1,52,0,PM,True
2025-10-13,18,2025-10-13T22:00:00+00:00,11.9,0.63,0.0,57.0,12.2,52,0,PM,False
2025-10-13,19,2025-10-13T23:00:00+00:00,11.8,0.02,0.0,63.0,12.2,2,0,,True
2025-10-13,20,2025-10-14T00:00:00+00:00,11.7,0.01,0.0,56.0,12.2,1,0,,False
2025-10-13,21,2025-10-14T01:00:00+00:00,11.3,0.17,0.0,54.0,11.4,20,0,,False
2025-10-13,22,2025-10-14T02:00:00+00:00,11.7,0.31,0.0,56.0,4.0,37,0,,False
2025-10-13,23,2025-10-14T03:00:00+00:00,11.6,0.01,0.0,55.0,9.0,1,0,,False
2026-01-25,0,2026-01-25T05:00:00+00:00,-14.2,0.0,0.0,34.0,43.6,0,0,,False
2026-01-25,1,2026-01-25T06:00:00+00:00,-14.5,0.0,0.0,32.0,43.1,0,0,,False
2026-01-25,2,2026-01-25T07:00:00+00:00,-14.7,0.0,0.0,37.0,38.9,0,0,,False
2026-01-25,3,2026-01-25T08:00:00+00:00,-15.0,0.0,0.0,31.0,37.7,0,0,,False
2026-01-25,4,2026-01-25T09:00:00+00:00,-15.2,0.0,0.0,27.0,38.0,0,0,,False
2026-01-25,5,2026-01-25T10:00:00+00:00,-15.0,0.0,0.0,26.0,38.6,0,0,,False
2026-01-25,6,2026-01-25T11:00:00+00:00,-14.8,0.0,0.0,23.0,38.2,0,0,,False
2026-01-25,7,2026-01-25T12:00:00+00:00,-14.1,0.0,0.0,18.0,31.3,0,0,AM,False
2026-01-25,8,2026-01-25T13:00:00+00:00,-13.6,0.0,0.0,11.0,29.7,0,0,AM,False
2026-01-25,9,2026-01-25T14:00:00+00:00,-12.9,0.0,0.0,14.0,23.7,0,0,AM,False
2026-01-25,10,2026-01-25T15:00:00+00:00,-12.7,0.01,0.01,13.0,9.6,3,3,,False
2026-01-25,11,2026-01-25T16:00:00+00:00,-12.9,0.08,0.16,17.0,0.7,40,40,,True
2026-01-25,12,2026-01-25T17:00:00+00:00,-12.6,0.3,0.56,18.0,0.8,52,52,,True
2026-01-25,13,2026-01-25T18:00:00+00:00,-12.6,0.44,0.78,22.0,0.5,52,52,,True
2026-01-25,14,2026-01-25T19:00:00+00:00,-12.2,0.7,1.07,27.0,0.2,52,52,,True
2026-01-25,15,2026-01-25T20:00:00+00:00,-11.5,0.9,1.53,28.0,0.2,52,52,,True
2026-01-25,16,2026-01-25T21:00:00+00:00,-9.2,1.35,2.19,36.0,0.2,52,52,PM,True
2026-01-25,17,2026-01-25T22:00:00+00:00,-6.1,0.91,1.5,54.0,0.3,52,52,PM,True
2026-01-25,18,2026-01-25T23:00:00+00:00,-4.3,1.03,1.68,57.0,0.4,52,52,PM,True
2026-01-25,19,2026-01-26T00:00:00+00:00,-3.6,0.84,1.4,56.0,0.4,52,52,,True
2026-01-25,20,2026-01-26T01:00:00+00:00,-3.0,1.04,1.7,65.0,0.4,52,52,,True
2026-01-25,21,2026-01-26T02:00:00+00:00,-2.8,0.85,1.39,67.0,0.4,52,52,,True
2026-01-25,22,2026-01-26T03:00:00+00:00,-2.5,0.92,1.46,68.0,0.4,52,52,,True
2026-01-25,23,2026-01-26T04:00:00+00:00,-2.2,0.94,1.6,64.0,0.3,52,52,,True
2026-01-26,0,2026-01-26T05:00:00+00:00,-1.9,0.69,1.14,65.0,0.3,52,52,,True
2026-01-26,1,2026-01-26T06:00:00+00:00,-4.5,0.41,0.72,64.0,0.6,52,52,,True
2026-01-26,2,2026-01-26T07:00:00+00:00,-8.1,0.04,0.07,63.0,5.3,19,19,,True
2026-01-26,3,2026-01-26T08:00:00+00:00,-7.5,0.1,0.21,57.0,0.2,52,52,,True
2026-01-26,4,2026-01-26T09:00:00+00:00,-9.5,0.1,0.19,51.0,3.7,49,49,,False
2026-01-26,5,2026-01-26T10:00:00+00:00,-9.6,0.15,0.28,54.0,1.5,52,52,,False
2026-01-26,6,2026-01-26T11:00:00+00:00,-9.2,0.14,0.18,54.0,1.5,52,52,,False
2026-01-26,7,2026-01-26T12:00:00+00:00,-8.8,0.03,0.03,46.0,0.2,8,8,AM,True
2026-01-26,8,2026-01-26T13:00:00+00:00,-9.3,0.02,0.04,44.0,0.2,10,10,AM,True
2026-01-26,9,2026-01-26T14:00:00+00:00,-9.2,0.08,0.1,42.0,0.2,30,30,AM,True
2026-01-26,10,2026-01-26T15:00:00+00:00,-8.8,0.03,0.02,39.0,0.2,7,7,,True
2026-01-26,11,2026-01-26T16:00:00+00:00,-8.1,0.0,0.0,36.0,0.2,0,0,,True
2026-01-26,12,2026-01-26T17:00:00+00:00,-8.2,0.0,0.0,39.0,0.2,0,0,,True
2026-01-26,13,2026-01-26T18:00:00+00:00,-7.9,0.0,0.0,34.0,0.2,0,0,,True
2026-01-26,14,2026-01-26T19:00:00+00:00,-7.5,0.08,0.17,38.0,0.2,42,42,,True
2026-01-26,15,2026-01-26T20:00:00+00:00,-7.3,0.01,0.02,35.0,4.3,6,6,,False
2026-01-26,16,2026-01-26T21:00:00+00:00,-7.7,0.0,0.0,34.0,15.6,0,0,PM,False
2026-01-26,17,2026-01-26T22:00:00+00:00,-8.1,0.0,0.0,36.0,0.2,0,0,PM,True
2026-01-26,18,2026-01-26T23:00:00+00:00,-8.4,0.0,0.0,37.0,5.6,0,0,PM,False
2026-01-26,19,2026-01-27T00:00:00+00:00,-8.6,0.12,0.24,46.0,0.7,52,52,,True
2026-01-26,20,2026-01-27T01:00:00+00:00,-8.0,0.2,0.35,42.0,1.3,52,52,,True
2026-01-26,21,2026-01-27T02:00:00+00:00,-7.9,0.11,0.22,48.0,1.8,52,52,,False
2026-01-26,22,2026-01-27T03:00:00+00:00,-7.8,0.1,0.21,47.0,2.3,52,52,,False
2026-01-26,23,2026-01-27T04:00:00+00:00,-8.4,0.0,0.0,53.0,3.6,0,0,,False
2026-02-23,0,2026-02-23T05:00:00+00:00,-0.0,0.13,0.26,61.0,1.6,52,52,,True
2026-02-23,1,2026-02-23T06:00:00+00:00,-0.4,0.2,0.35,65.0,2.6,52,52,,True
2026-02-23,2,2026-02-23T07:00:00+00:00,-0.0,0.2,0.35,70.0,3.4,52,52,,True
2026-02-23,3,2026-02-23T08:00:00+00:00,-0.0,0.2,0.31,81.0,0.7,52,52,,True
2026-02-23,4,2026-02-23T09:00:00+00:00,0.0,0.36,0.51,93.0,0.9,52,52,,True
2026-02-23,5,2026-02-23T10:00:00+00:00,-0.1,0.31,0.54,93.0,1.2,52,52,,True
2026-02-23,6,2026-02-23T11:00:00+00:00,-0.4,0.46,0.79,96.0,0.7,52,52,,True
2026-02-23,7,2026-02-23T12:00:00+00:00,-1.0,1.38,2.23,99.0,0.4,52,52,AM,True
2026-02-23,8,2026-02-23T13:00:00+00:00,-1.4,1.22,1.97,103.0,0.3,52,52,AM,True
2026-02-23,9,2026-02-23T14:00:00+00:00,-2.6,1.18,1.92,101.0,0.3,52,52,AM,True
2026-02-23,10,2026-02-23T15:00:00+00:00,-3.8,0.7,1.06,100.0,0.2,52,52,,True
2026-02-23,11,2026-02-23T16:00:00+00:00,-4.1,0.84,1.37,95.0,0.1,52,52,,True
2026-02-23,12,2026-02-23T17:00:00+00:00,-4.4,0.7,1.1,89.0,0.1,52,52,,True
2026-02-23,13,2026-02-23T18:00:00+00:00,-4.3,0.39,0.69,82.0,0.2,52,52,,True
2026-02-23,14,2026-02-23T19:00:00+00:00,-3.6,0.4,0.7,79.0,0.2,52,52,,True
2026-02-23,15,2026-02-23T20:00:00+00:00,-3.5,0.31,0.57,84.0,0.2,52,52,,True
2026-02-23,16,2026-02-23T21:00:00+00:00,-2.6,0.33,0.54,77.0,0.4,52,52,PM,True
2026-02-23,17,2026-02-23T22:00:00+00:00,-2.8,0.3,0.52,70.0,0.8,52,52,PM,True
2026-02-23,18,2026-02-23T23:00:00+00:00,-2.7,0.22,0.34,70.0,1.9,52,52,PM,True
2026-02-23,19,2026-02-24T00:00:00+00:00,-3.4,0.1,0.21,71.0,4.8,48,52,,True
2026-02-23,20,2026-02-24T01:00:00+00:00,-3.6,0.01,0.02,70.0,3.6,5,5,,True
2026-02-23,21,2026-02-24T02:00:00+00:00,-3.4,0.03,0.0,62.0,15.4,15,0,,True
2026-02-23,22,2026-02-24T03:00:00+00:00,-3.9,0.0,0.0,64.0,20.7,0,0,,True
2026-02-23,23,2026-02-24T04:00:00+00:00,-3.7,0.0,0.0,67.0,20.7,0,0,,True
