day,stations,snow_cm,rain_hrs,peak_gust_kmh,min_vis_km,severity,type
2026-02-23,52,16.4,20.3,103.0,0.1,6.62,snow+wind
2026-01-25,52,17.0,12.8,68.0,0.2,5.4,snow
2024-04-04,52,7.8,20.8,87.0,0.9,4.88,snow+wind
2024-01-07,52,8.7,19.9,67.0,0.1,4.6,snow
2025-02-16,52,7.7,19.6,67.0,0.2,4.4,snow
2024-01-16,52,7.1,15.5,57.0,0.2,3.73,snow
2024-12-11,52,0.0,17.1,94.0,0.0,3.26,wind
2025-10-13,52,0.0,19.7,74.0,3.8,3.17,wind
2026-01-26,52,4.2,12.3,65.0,0.2,3.04,snow
2025-03-17,52,0.0,15.9,82.0,2.4,2.94,wind
2024-03-23,52,0.4,16.6,64.0,1.8,2.77,rain
2026-09-27,52,0.0,13.3,84.0,0.1,2.73,wind
2025-02-13,52,2.0,10.1,77.0,0.2,2.65,snow+wind
2024-03-28,52,0.0,18.7,49.0,0.2,2.64,rain
2024-01-28,52,3.0,12.3,53.0,1.5,2.63,snow
2024-12-20,52,4.6,7.9,61.0,0.3,2.62,snow
2025-02-09,52,6.3,8.2,41.0,0.2,2.61,snow
2024-04-03,52,2.7,8.8,73.0,1.4,2.58,snow+wind
2024-03-29,52,0.0,12.8,78.0,4.5,2.58,wind
2024-12-05,52,2.6,9.0,69.0,1.3,2.51,snow
2026-03-16,52,0.0,10.6,86.0,2.3,2.5,wind
2025-05-22,52,0.0,13.6,68.0,2.0,2.48,rain
2024-01-10,52,0.0,7.3,102.0,2.1,2.46,wind
2025-12-19,52,0.0,5.5,107.0,3.4,2.37,wind
2026-09-26,52,0.0,8.2,90.0,2.6,2.34,wind
